subreddit,comments,avg_sentiment,median_sentiment,avg_score,avg_controversiality,pos_rate,neg_rate,risk,opportunity
AmItheAsshole,24985,0.10485666199719831,0.0772,14.592635581348809,0.05495297178306984,0.5127076245747448,0.35581348809285573,0.04919078659507091,1.0617859986483664
relationship_advice,24982,0.1867919662156753,0.2732,8.563205507965735,0.018693459290689295,0.5677287647105916,0.31330558001761266,0.015201671274408758,1.8914462732861017
asoiaf,24981,-0.046970773788078936,0.0,11.577078579720588,0.0253792882590769,0.40626876426083824,0.44786037388415195,0.026571373066796446,-0.47562186767647924
news,24980,-0.08285453963170536,0.0,17.140192153722978,0.09839871897518014,0.3600880704563651,0.45500400320256207,0.10655149953621823,-0.8389743647389861
gameofthrones,24980,0.005329599679743793,0.0,7.370056044835868,0.03274619695756605,0.4142514011208967,0.3797037630104083,0.03257167283674818,0.053966837852239
politics,24975,0.0007035515515515523,0.0,13.82034034034034,0.03223223223223223,0.3978378378378378,0.37793793793793795,0.03220955519523527,0.007123931291210435
worldnews,24971,0.0037391053622201757,0.0,12.47459052500901,0.08601978294821994,0.41692363141243843,0.38925153177686117,0.08569814591654122,0.03786035051670732
SquaredCircle,24966,0.12163172714892254,0.0,11.284026275735,0.04409997596731555,0.47284306657053593,0.26980693743491146,0.03873601972318498,1.2315589714225772
leagueoflegends,24964,0.1604642244832559,0.128,9.891844255728248,0.032967473161352345,0.5226325909309405,0.2758772632590931,0.02767737314734339,1.6247371993912199
unpopularopinion,24963,0.08406035332291792,0.0,4.45956014902055,0.03108600729079037,0.48315506950286424,0.3561671273484757,0.028472906534527727,0.8511270544141923
videos,24960,0.09882308092948718,0.0,19.436578525641025,0.05064102564102564,0.48501602564102564,0.30412660256410257,0.045636523465750325,1.0005906007394847
freefolk,24958,-0.054661138713037905,0.0,12.052768651334242,0.033496273739883,0.36817853994711114,0.41770173892138796,0.035327218205148635,-0.5534434696070707
movies,24957,0.12233999679448652,0.0222,13.81271787474456,0.03858636855391273,0.49364907641142763,0.29707096205473416,0.03386571234871617,1.238686312749572
todayilearned,24955,0.06706437186936486,0.0,22.866680024043276,0.03165698256862352,0.4238829893808856,0.300941695051092,0.029533926917379355,0.6790180168466722
apexlegends,24955,0.08647709477058706,0.0,6.965738328992186,0.03101582849128431,0.47529553195752355,0.3331596874373873,0.028333669751455244,0.8755693038945608
marvelstudios,24954,0.12321328444337581,0.0,17.3976917528252,0.012382784323154605,0.4838903582591969,0.27630840746974433,0.010857060796144782,1.2475134948944793
nfl,24953,0.1639355949184467,0.0772,12.418747244820262,0.03330260890474091,0.5099587223981085,0.2555203783112251,0.027843125901605852,1.659813375183644
soccer,24953,0.10315433014066445,0.0,10.895884262413338,0.06945056706608424,0.47693664088486354,0.3016070211998557,0.06228644034249303,1.0444158692976941
trashy,24951,-0.005466189731874474,0.0,14.27554005851469,0.04316460262113743,0.3750150294577372,0.36094745701575087,0.04340054852876553,-0.05534358178586632
RoastMe,24951,0.054737962406316384,0.0,8.669512243998236,0.0024848703458779206,0.3904853512885255,0.2686866257865416,0.0023488536063006847,0.5542059547550322
nba,24948,0.055703527336860674,0.0,8.236572069905403,0.048500881834215165,0.4003928170594837,0.30274971941638606,0.04579921163710111,0.5639753212620877
AskReddit,24946,0.09045592880622144,0.0,29.73418584141746,0.00825783692776397,0.44227531467970815,0.3018920869077207,0.007510866618532766,0.915821852047372
pics,24934,0.09543774765380605,0.0,13.415216170690623,0.05061361995668565,0.44325018047645787,0.2763696157856742,0.04578317006741384,0.9662144025887345
The_Donald,24933,-0.019402687201700557,0.0,10.23851923154053,0.005374403401114988,0.3641759916576425,0.37552641078089277,0.005478681269202578,-0.1964325648870853
ChapoTrapHouse,24927,0.006697372327195411,0.0,17.228306655433865,0.015565451117262406,0.39314799213704016,0.36021181851004935,0.01546120349568934,0.06780250266155462
MortalKombat,24920,0.09345069422150883,0.0,4.276484751203852,0.014085072231139646,0.45802568218298556,0.29546548956661317,0.012768812452979549,0.946044935020307
Showerthoughts,24916,0.15491378632204206,0.0,12.307713918767057,0.012803018140953604,0.47411301974634773,0.2398860170171777,0.01081965412438869,1.5682395975581926
funny,24909,0.07079260106788711,0.0,14.233369464852062,0.034927134770564854,0.4051547633385523,0.2742382271468144,0.032454552052307926,0.7166352426926872
hockey,24904,0.05951971972373916,0.0,10.779392868615483,0.04099743013170575,0.4192499196916158,0.3142868615483456,0.03855727458087305,0.6025076392877773
aww,24903,0.21161615869573946,0.1779,17.36834919487612,0.021844757659719712,0.5276472714130828,0.1770469421354857,0.017222053956130495,2.1421446044669383
gaming,24900,0.142997281124498,0.0,10.95574297188755,0.029678714859437752,0.4851807228915663,0.24783132530120483,0.025434739327268918,1.4475133213862157
FortNiteBR,24892,0.11652976860035354,0.0,4.939659328298249,0.02840269966254218,0.4575365579302587,0.26144946167443356,0.0250929396432408,1.1795541614485288
wallstreetbets,24890,0.07333371233427079,0.0,6.426476496584974,0.009963840899959824,0.4085978304539976,0.2752511048613901,0.009233155457657728,0.7423030182443336
gonewild,24853,0.29868514465054524,0.3612,1.379793183921458,0.0008449684142759425,0.6296221784090452,0.1381724540296946,0.0005925889012327909,3.022924841495816
Market76,24831,0.2460893117474125,0.2023,1.0499778502678103,8.054448068946075e-05,0.5402118319842133,0.18086263138818412,6.0723344871538595e-05,2.490396376972481
dankmemes,24804,0.13915664005805514,0.0,9.213715529753266,0.009272697951943234,0.4812530237058539,0.2309708111594904,0.007982340460677605,1.4080982824398287
Animemes,24786,0.0832113693213911,0.0,15.066610183167917,0.006979746631162753,0.40345356249495684,0.243040426046962,0.006398952356467334,0.8419388424591123
memes,24752,0.12642607870071104,0.0,8.545087265675502,0.01510989010989011,0.4131383322559793,0.2335568842921784,0.013199605953698049,1.279014959801369
teenagers,24734,0.08774009460661439,0.0,7.551144174011482,0.004851621250101076,0.40947683350853076,0.2556400097032425,0.004425939542621746,0.887576561744188
Pikabu,2451,0.014178702570379438,0.0,7.228886168910648,0.01795185638514892,0.14402284781721747,0.09587923296613628,0.017697322352877725,0.11065994283610514
